Datetime,Water Level (m)
2025-02-27 06:00:00,0.053498827
2025-02-27 07:00:00,0.4169876
2025-02-27 08:00:00,0.51333165
2025-02-27 09:00:00,0.2649305
2025-02-27 10:00:00,0.002140763
2025-02-27 11:00:00,-0.26420653
2025-02-27 12:00:00,-0.5248882
2025-02-27 13:00:00,-0.7731837
2025-02-27 14:00:00,-0.98282367
2025-02-27 15:00:00,-1.0468044
2025-02-27 16:00:00,-0.74204195
2025-02-27 17:00:00,-0.35632047
2025-02-27 18:00:00,0.10849732
2025-02-27 19:00:00,0.581353
2025-02-27 20:00:00,0.8122069
2025-02-27 21:00:00,0.64063174
2025-02-27 22:00:00,0.33726123
2025-02-27 23:00:00,0.037727986
2025-02-28 00:00:00,-0.25447848
2025-02-28 01:00:00,-0.537415
2025-02-28 02:00:00,-0.8013441
2025-02-28 03:00:00,-1.0127288
2025-02-28 04:00:00,-0.9660449
2025-02-28 05:00:00,-0.6298765
2025-02-28 06:00:00,-0.21465226
2025-02-28 07:00:00,0.24818814
2025-02-28 08:00:00,0.59395736
2025-02-28 09:00:00,0.5857591
2025-02-28 10:00:00,0.2923473
2025-02-28 11:00:00,0.007440447
2025-02-28 12:00:00,-0.27313477
2025-02-28 13:00:00,-0.5451248
2025-02-28 14:00:00,-0.8023887
2025-02-28 15:00:00,-1.0110234
2025-02-28 16:00:00,-0.9508529
2025-02-28 17:00:00,-0.60694706
2025-02-28 18:00:00,-0.16781111
2025-02-28 19:00:00,0.3486531
2025-02-28 20:00:00,0.76862985
2025-02-28 21:00:00,0.8785559
2025-02-28 22:00:00,0.5827629
2025-02-28 23:00:00,0.27533513
2025-03-01 00:00:00,-0.03171581
2025-03-01 01:00:00,-0.33023816
2025-03-01 02:00:00,-0.6146157
2025-03-01 03:00:00,-0.8733326
2025-03-01 04:00:00,-1.043221
2025-03-01 05:00:00,-0.8061487
2025-03-01 06:00:00,-0.43451107
2025-03-01 07:00:00,0.03231061
2025-03-01 08:00:00,0.5223536
2025-03-01 09:00:00,0.78329396
2025-03-01 10:00:00,0.6073612
2025-03-01 11:00:00,0.30241916
2025-03-01 12:00:00,0.0038928331
2025-03-01 13:00:00,-0.2879088
2025-03-01 14:00:00,-0.56682956
2025-03-01 15:00:00,-0.8208631
2025-03-01 16:00:00,-0.99815106
2025-03-01 17:00:00,-0.78375417
2025-03-01 18:00:00,-0.4136618
2025-03-01 19:00:00,0.059316773
2025-03-01 20:00:00,0.5917143
2025-03-01 21:00:00,0.9289514
2025-03-01 22:00:00,0.8383926
2025-03-01 23:00:00,0.51456726
2025-03-02 00:00:00,0.19871663
2025-03-02 01:00:00,-0.11107349
2025-03-02 02:00:00,-0.40908965
2025-03-02 03:00:00,-0.691064
2025-03-02 04:00:00,-0.93066615
2025-03-02 05:00:00,-0.9728515
2025-03-02 06:00:00,-0.62723255
2025-03-02 07:00:00,-0.20131011
2025-03-02 08:00:00,0.3076172
2025-03-02 09:00:00,0.73593587
2025-03-02 10:00:00,0.8580459
2025-03-02 11:00:00,0.56555957
2025-03-02 12:00:00,0.2653863
2025-03-02 13:00:00,-0.034244705
2025-03-02 14:00:00,-0.32690018
2025-03-02 15:00:00,-0.60460514
2025-03-02 16:00:00,-0.8481115
2025-03-02 17:00:00,-0.9312922
2025-03-02 18:00:00,-0.6068393
2025-03-02 19:00:00,-0.19953059
2025-03-02 20:00:00,0.30553308
2025-03-02 21:00:00,0.75911075
2025-03-02 22:00:00,0.94314164
2025-03-02 23:00:00,0.6705931
2025-03-03 00:00:00,0.36330646
2025-03-03 01:00:00,0.049359962
2025-03-03 02:00:00,-0.25386548
2025-03-03 03:00:00,-0.54295397
2025-03-03 04:00:00,-0.807586
2025-03-03 05:00:00,-1.0053256
2025-03-03 06:00:00,-0.84076226
2025-03-03 07:00:00,-0.4799905
2025-03-03 08:00:00,-0.018207723
2025-03-03 09:00:00,0.4865006
2025-03-03 10:00:00,0.83208096
2025-03-03 11:00:00,0.77489585
2025-03-03 12:00:00,0.46500647
2025-03-03 13:00:00,0.16194129
2025-03-03 14:00:00,-0.13105337
2025-03-03 15:00:00,-0.41494912
2025-03-03 16:00:00,-0.6787306
2025-03-03 17:00:00,-0.8854435
2025-03-03 18:00:00,-0.7974193
2025-03-03 19:00:00,-0.45656878
2025-03-03 20:00:00,-0.03633545
2025-03-03 21:00:00,0.43280643
2025-03-03 22:00:00,0.77128047
2025-03-03 23:00:00,0.7425558
2025-03-04 00:00:00,0.4364888
2025-03-04 01:00:00,0.13421132
2025-03-04 02:00:00,-0.15832828
2025-03-04 03:00:00,-0.4426479
2025-03-04 04:00:00,-0.7118548
2025-03-04 05:00:00,-0.94107217
2025-03-04 06:00:00,-1.0223429
2025-03-04 07:00:00,-0.72285694
2025-03-04 08:00:00,-0.3496058
2025-03-04 09:00:00,0.0955036
2025-03-04 10:00:00,0.5539459
2025-03-04 11:00:00,0.7775939
2025-03-04 12:00:00,0.6145789
2025-03-04 13:00:00,0.3294625
2025-03-04 14:00:00,0.04389812
2025-03-04 15:00:00,-0.23345442
2025-03-04 16:00:00,-0.49707583
2025-03-04 17:00:00,-0.7307704
2025-03-04 18:00:00,-0.85143626
2025-03-04 19:00:00,-0.6125738
2025-03-04 20:00:00,-0.28049907
2025-03-04 21:00:00,0.10533698
2025-03-04 22:00:00,0.49968246
2025-03-04 23:00:00,0.6551333
2025-03-05 00:00:00,0.46266568
2025-03-05 01:00:00,0.18451506
2025-03-05 02:00:00,-0.08973843
2025-03-05 03:00:00,-0.3574472
2025-03-05 04:00:00,-0.6140624
2025-03-05 05:00:00,-0.8472263
2025-03-05 06:00:00,-1.0116624
